Id,Errors
a0a5E000004m1ViQAI,
a0a5E000004m1VjQAI,
a0a5E000004m1VkQAI,
a0a5E000004m1VlQAI,
a0a5E000004m1VmQAI,
a0a5E000004m1VnQAI,
a0a5E000004m1VoQAI,
a0a5E000004m1VpQAI,
a0a5E000004m1VqQAI,
a0a5E000004m1VrQAI,
a0a5E000004m1VsQAI,
a0a5E000004m1VtQAI,
a0a5E000004m1VuQAI,
a0a5E000004m1VvQAI,
a0a5E000004m1VwQAI,
a0a5E000004m1VxQAI,
a0a5E000004m1VyQAI,
a0a5E000004m1VzQAI,
a0a5E000004m1W0QAI,
a0a5E000004m1W1QAI,
a0a5E000004m1W2QAI,
a0a5E000004m1W3QAI,
a0a5E000004m1W4QAI,
a0a5E000004m1W5QAI,
a0a5E000004m1W6QAI,
a0a5E000004m1W7QAI,
a0a5E000004m1W8QAI,
a0a5E000004m1W9QAI,
a0a5E000004m1WAQAY,
a0a5E000004m1WBQAY,
a0a5E000004m1WCQAY,
a0a5E000004m1WDQAY,
a0a5E000004m1WEQAY,
a0a5E000004m1WFQAY,
a0a5E000004m1WGQAY,
a0a5E000004m1WHQAY,
a0a5E000004m1WIQAY,
a0a5E000004m1WJQAY,
a0a5E000004m1WKQAY,
a0a5E000004m1WLQAY,
a0a5E000004m1WMQAY,
a0a5E000004m1WNQAY,
a0a5E000004m1WOQAY,
a0a5E000004m1WPQAY,
a0a5E000004m1WQQAY,
a0a5E000004m1WRQAY,
a0a5E000004m1WSQAY,
a0a5E000004m1WTQAY,
a0a5E000004m1WUQAY,
a0a5E000004m1WVQAY,
a0a5E000004m1WWQAY,
a0a5E000004m1WXQAY,
a0a5E000004m1WYQAY,
a0a5E000004m1WZQAY,
a0a5E000004m1WaQAI,
a0a5E000004m1WbQAI,
a0a5E000004m1WcQAI,
a0a5E000004m1WdQAI,
a0a5E000004m1WeQAI,
a0a5E000004m1WfQAI,
a0a5E000004m1WgQAI,
a0a5E000004m1WhQAI,
a0a5E000004m1WiQAI,
a0a5E000004m1WjQAI,
a0a5E000004m1WkQAI,
a0a5E000004m1WlQAI,
a0a5E000004m1WmQAI,
a0a5E000004m1WnQAI,
a0a5E000004m1WoQAI,
a0a5E000004m1WpQAI,
a0a5E000004m1WqQAI,
a0a5E000004m1WrQAI,
a0a5E000004m1WsQAI,
a0a5E000004m1WtQAI,
a0a5E000004m1WuQAI,
a0a5E000004m1WvQAI,
a0a5E000004m1WwQAI,
a0a5E000004m1WxQAI,
a0a5E000004m1WyQAI,
a0a5E000004m1WzQAI,
a0a5E000004m1X0QAI,
a0a5E000004m1X1QAI,
a0a5E000004m1X2QAI,
a0a5E000004m1X3QAI,
a0a5E000004m1X4QAI,
a0a5E000004m1X5QAI,
a0a5E000004m1X6QAI,
a0a5E000004m1X7QAI,
a0a5E000004m1X8QAI,
a0a5E000004m1X9QAI,
a0a5E000004m1XAQAY,
a0a5E000004m1XBQAY,
a0a5E000004m1XCQAY,
a0a5E000004m1XDQAY,
a0a5E000004m1XEQAY,
a0a5E000004m1XFQAY,
a0a5E000004m1XGQAY,
a0a5E000004m1XHQAY,
a0a5E000004m1XIQAY,
a0a5E000004m1XJQAY,
a0a5E000004m1XKQAY,
a0a5E000004m1XLQAY,
a0a5E000004m1XMQAY,
a0a5E000004m1XNQAY,
a0a5E000004m1XOQAY,
a0a5E000004m1XPQAY,
a0a5E000004m1XQQAY,
a0a5E000004m1XRQAY,
a0a5E000004m1XSQAY,
a0a5E000004m1XTQAY,
a0a5E000004m1XUQAY,
a0a5E000004m1XVQAY,
a0a5E000004m1XWQAY,
a0a5E000004m1XXQAY,
a0a5E000004m1XYQAY,
a0a5E000004m1XZQAY,
a0a5E000004m1XaQAI,
a0a5E000004m1XbQAI,
a0a5E000004m1XcQAI,
a0a5E000004m1XdQAI,
a0a5E000004m1XeQAI,
a0a5E000004m1XfQAI,
a0a5E000004m1XgQAI,
a0a5E000004m1XhQAI,
a0a5E000004m1XiQAI,
a0a5E000004m1XjQAI,
a0a5E000004m1XkQAI,
a0a5E000004m1XlQAI,
a0a5E000004m1XmQAI,
a0a5E000004m1XnQAI,
a0a5E000004m1XoQAI,
a0a5E000004m1XpQAI,
a0a5E000004m1XqQAI,
a0a5E000004m1XrQAI,
a0a5E000004m1XsQAI,
a0a5E000004m1XtQAI,
a0a5E000004m1XuQAI,
a0a5E000004m1XvQAI,
a0a5E000004m1XwQAI,
a0a5E000004m1XxQAI,
a0a5E000004m1XyQAI,
a0a5E000004m1XzQAI,
a0a5E000004m1Y0QAI,
a0a5E000004m1Y1QAI,
a0a5E000004m1Y2QAI,
a0a5E000004m1Y3QAI,
a0a5E000004m1Y4QAI,
a0a5E000004m1Y5QAI,
a0a5E000004m1Y6QAI,
a0a5E000004m1Y7QAI,
a0a5E000004m1Y8QAI,
a0a5E000004m1Y9QAI,
a0a5E000004m1YAQAY,
a0a5E000004m1YBQAY,
a0a5E000004m1YCQAY,
a0a5E000004m1YDQAY,
a0a5E000004m1YEQAY,
a0a5E000004m1YFQAY,
a0a5E000004m1YGQAY,
a0a5E000004m1YHQAY,
a0a5E000004m1YIQAY,
a0a5E000004m1YJQAY,
a0a5E000004m1YKQAY,
a0a5E000004m1YLQAY,
a0a5E000004m1YMQAY,
a0a5E000004m1YNQAY,
